岗位,公司,城市,工资,工作经验,学历,福利,公司性质,公司规模,岗位要求
软件架构师-大数据产品（央企）,云启智慧科技有限公司,武汉-江汉区,1.5-2.5万/月,5-7年经验,本科,交通补贴 餐饮补贴 五险一金 通讯补贴 绩效奖金 年终奖金 员工旅游 弹性工作 做五休二 补充医疗保险,国企,50-150人,"公司性质：央企背景工作地点：武汉市江汉区圈外创智中心工作时间：弹性工时学历要求：计算机相关专业，本科及以上学历经验要求：有五年及以上java开发经验和两年及以上架构经验岗位职责：1.负责教育大数据产品技术选型、技术可行性分析、系统框架搭建和设计，2.负责大数据存储和计算关键等关键技术攻关，带领团队解决高并发、高可靠性等各种技术难题；3.负责分布式系统的设计、Saas平台设计；4.负责核心代码编写，参与代码评审5.负责相关技术规范的制定6.负责或参与专利编写；技能要求：1、计算机相关专业，本科及以上学历,5年以上Java开发经验和两年及以上架构经验；2、必须具备独立开展Java开发工作的能力，熟练掌握Java语言，基础扎实，熟悉Linux操作；3、熟悉分布式系统的设计和应用，熟悉分布式、缓存、消息、负载均衡等机制和实现，具备集群技术、数据同步、高可用、可容灾分布式系统设计能力，熟练使用Spring、S pringMVC、Springboot、Spring Cloud、Dubbo、MyBat is等开源框架并了解工作原理；4.精通Hadoop、Hive、HBase、Spark的技术原理及优化，熟悉kafka/flume/zookeeper/ES等组件，熟悉大数据技术生态；5.熟悉常用的RDBMS、NoSQL数据库，精通JAVA语言，包括JVM、类装载、线程、并发、IO资源管理、网络等，具备较强的研究分析能力、技术攻关能力；6.具备大数据产品架构设计成功经验，掌握高性能、高扩展架构设计方法；素质要求：1、良好的沟通能力，团队合作能力，热衷于技术对新技术以及新的应用比较敏感；2、热爱技术研发工作，有良好的工作责任感和团队合作能力；"
软件开发工程师（物联网）,上海轶伦环境科技有限公司,上海-松江区,0.8-1.5万/月,2年经验,本科,五险一金 出国机会 专业培训 绩效奖金 年终奖金 定期体检 做五休二 团建 年底双薪 交通补贴,民营公司,少于50人,"工作地点在：松江漕河泾园区内，通勤距离不适者、不能线下来面试的、找***的，请勿投！！！职责描述：1、负责物联网项目整体设计、体系及其标准制定和功能模块设计；2、负责物联网数据传输协议技术开发； 3、解决项目当中遇到的问题，进行系统性能优化，安全加固，保证平台安全、稳定、快速运行；4、及时处理和解决开发过程中出现的技术问题，并向主管提供技术维护和解决方案；5、完成技术文档资料的整理和归档工作；6、参与部门新技术的培训和学习，不断提高自身技术水平； 任职要求：1、本科以上学历，具有3年以上java物联网应用的相关项目开发经验；2、有物联网硬件对接平台的相关经验；3、Java基础扎实，理解io、多线程、集合等基础框架，对JVM原理有一定的了解；4、精通Spring、SpringMVC等框架的设计思想和实现方式；5、有一定前端经验，对前端开发框架和类库，如Vue，jQuery等有一定了解，能开发常见的web页面；6、熟练掌握基于网络通信协议，如TCP、UDP、MQTT以及Socket等的编程；7、精通物联网技术原理，熟悉物联网相关技术趋势,熟悉物联网低功耗广域组网技术（如NB-IoT，LoRa）有相关开源项目经验优先；8、熟悉无线传感网络、以太网、现场总线等通讯技术，了解ZigBee、Wi-Fi、蓝牙等技术；9、熟悉Linux下的常用命令；10、有物联网行业项目经验优先（智能家居、智能控电）高新技术企业，氛围超级好，老板Nice，同事很Cute，多元化员工生活；五险一金，各种带薪假期，病假，婚假，产假，男员工陪产假等；五天八小时，周末双休工作制，全勤奖金、生日福利、节日福利统统都有；入职培训，产品培训等培训课程；“数不胜数”的高技能，优秀员工带你晋升升级；绩效奖金，年度优秀员工、不定时加薪、年终奖+13薪统统都有；"
高级软件开发工程师（知识图谱开发方向）,重庆云华科技有限公司,重庆-九龙坡区,1.5-2万/月,3-4年经验,本科,,民营公司,50-150人,职位职责要求：一、工作职责概述1、 负责后端开发工作及系统架构设计；2、 规范技术开发标准，提高开发工作质量；2、组织本部门人员的培训、技术指导以及技术难点的突破工作。3、协助项目经理做好线上支撑工作。二、质量管理：1、负责技术架构设计、重构、优化，根据业务规划及技术规划制定应用架构方案，构建统一技术栈和系统框架。2、组织审定部门各项技术标准，编制、完善软件开发流程，并组织部门人员进行研究讨论。3、撰写软件设计及开发文档规范。4、作为新技术的先行者进行技术调研，把握技术发展方向，使得技术发展方向与主流技术合拍，撰写可行性报告。5、负责软件开发流程的执行监督和改进。6、持续发现系统中存在的性能、架构等问题并提出改进方案。7、抓好本部门项目组总结分析报告工作，定期进行项目分析、总结经验、找出存在的问题，提出改进工作的意见和建议，为公司领导决策提供专题分析报告或综合分析资料。三、核心技术工作：1、参与软件产品的需求分析、架构设计、编码工作。2、负责解决研发和日常维护中的技术难点和技术把关3、负责软件产品的架构设计、数据库设计、功能设计和核心模块及基础组件开发。4、指导帮助初、中级软件工程师，培养高级工程师。四、其他工作：兼顾项目软件开发、由于组织结构或业务流程变化所产生的新工作任务、领导交办的其他任务职位要求：1、本科及以上学历，软件、计算机相关专业。2、5年以上软件开发工作经验，负责过软件项目的设计与开发。3、熟悉Spring/SpingMVC、SpingBoot、SpringCloud、MyBatis等框架的运行原理，有具体项目经验，能够解决相关领域问题。4、熟悉Web前端技术Vue框架、Html、Css、Javascript、Ajax，了解jQuery、EasyUI或其它框架中的一种。5、熟悉Oracle、MySQL数据库并具备相关开发经验，了解数据库的体系、开发、性能优化等技术者优先虑。6、具有开发技术管理经验优先（实操）。
数据开发工程师（BI方向/软件后端）,江苏景枫投资控股集团有限公司,南京-江宁区,1.3-2.2万/月,5-7年经验,本科,周末双休 带薪年假 五险一金 节日福利 交通补贴 餐饮补贴 通讯补贴 包住宿,民营公司,500-1000人,岗位职责：1. 负责大数据平台的搭建；2. 负责基于大数据平台的数据仓库的设计、开发及优化；3. 负责大数据BI系统的设计、开发、测试和上线，满足公司业务运营和管理的数据分析需求;4. 参与公司大数据平台的规划设计；5. 按规范要求编写代码，保证产品的持续敏捷开发，并保证线上稳定运行；6. 编写研发过程中的相关文档等。任职要求：1. 计算机相关专业本科及以上学历，3年以上工作经验；2. 熟悉数据产品的全周期过程，在用户行为数据采集、海量数据处理、数据建模、基于数据的业务理解等方面有丰富的经验；3. 精通Hadoop/MapReduce/Hive，有一定的hql/sql性能调优经验；4. 熟悉Java/Python/Shell/Mysql，有相关开发经验；5. 良好的学习能力，善于主动思考及行动，勇于解决具有挑战性的问题；6. 良好的沟通交流能力、逻辑思维能力强、责任心强，富于团队合作精神和敬业精神；7. 有数据分析思维，参与过Echarts等开源图表展示相关工作的更佳；8. 对数据及相关业务敏感、对新技术敏感、对数据产品设计有想法者优先。
大数据工程师,云南升玥信息技术有限公司,昆明-西山区,1-1.5万/月,3-4年经验,本科,五险一金 年终奖金 交通补贴 餐饮补贴 绩效奖金 年底双薪 定期体检 节日福利 周末双休,民营公司,50-150人,1.三年及以上数据应用类项目相关工作经验，熟练掌握数据抽取、清洗和加载等相关ETL工作技能，熟练使用过kettle优先考虑；2.了解数据库原理，熟悉Oracle等数据库，熟练掌握SQL语句、存储过程；对于数据库日常性能问题排查具备一定经验；3.具备数据分析类系统、数据仓库和数据集市支撑建设经验，有数据采集、清洗和数据挖掘分析支撑经验；4.熟悉linux命令；5.对数据治理有实质性支撑经验、了解或使用过hadoop体系（hive、hue）等大数据工具者优先。 职能类别：大数据开发工程师 关键字：
大数据技术研究中心-大数据操作系统研发工程师社招,南湖实验室,嘉兴,1.6-2.5万/月,1年经验,硕士,,事业单位,,岗位职责：1.根据单位的整体工作要求，完成交办的各项项目相关任务2.负责项目的整体交付，保证项目交付优质高效3.负责项目过程中的技术攻关及技术支持等工作4.负责项目所需的各类文档的撰写工作5.完成领导安排的其他工作任职要求：1.硕士研究生，计算机相关专业；2.熟练掌握Java/Scala，熟悉多线程，具有规范的编程习惯；3.熟悉大数据技术，熟悉Hadoop、Spark、Flink、DeltaLake等源码者优先；4.熟悉MySQL、MongoDB等数据库，熟悉SQL性能优化；5.熟悉缓存、消息等机制，如Redis、Kafka、ActiveMQ、RabbitMQ、Zookeeper等；6.熟悉Linux、Windows服务器运行环境、服务器基本操作命令；7.具有较强的沟通能力、团队合作能力，具有创新意识；8.具有2年以上工作经验者优先，有SDK研发工作经验者优先；9.有工作经验者优先。
大数据开发工程师 (MJ000651),锦江信息技术(广州)有限公司,广州-海珠区,1-1.5万/月,3-4年经验,本科,年终奖金 补充医疗保险 专业培训 餐饮补贴 五险一金 定期体检 周末双休 五天工作制,民营公司,500-1000人,"岗位职责：（1）负责大数据项目系统开发工作。（2）负责标签系统，精准营销系统，场景化营销系统开发以及维护工作。（3）负责大数据平台的数据处理流程开发，包括数据清洗、整合、统计、挖掘、分发等；（4）负责大数据平台系统持续性优化工作，确保提供高可靠数据服务,保证系统稳定、高效运行。任职要求：（1）本科及以上学历，2年及以上互联网大数据开发工作经验。（2）精通MPP、Hadoop分布式架构原理，有Spark/Hbase/MR/Flink等大数据组件实战项目开发经验。（3）精通sql，熟练掌握MySQL/PostreSql等关系型数据库开发。（4）掌握大数据周边相关开发技能，如Redis、kafka、flume等。（4）至少精通一种开发语言（java，python，scala等）。 （6）具备AWS/华为云等云端大数据项目开发经验优先。 （8）有高并发高可用数据系统开发经验优先；"
大数据平台技术工程师,苏州博乐企业管理有限公司,上海,40-50万/年,3-4年经验,本科,专业培训 弹性工作 餐饮补贴 全勤奖 年终奖金 员工旅游 一对一指导 五险一金 每年多次调薪 节日额外福利,民营公司,50-150人,1、负责电池监控平台平台的功能开发、维护等工作； 2、参与系统架构设计工作、构建提供实时、离线的数据分析功能。能够提供大数据处理指标监控分析和优化方案建议。任职要求：1、本科及以上学历，3年及以上大数据相关研发经验； 2、熟悉python、spark、hbase、Sqoop、elasticsearch，熟悉hadoop生态；熟悉fink实时计算框架； 3、熟练使用常用java技术框架，python语言开发脚本工具及有BI开（Spark、SQL、Hive、大数据DBA等） 4、对高稳定可用性、高性能、大数据处理有过实际项目及产品经验； 5、了解新能源电池行业者优先。
物联网工程师,重庆博腾制药科技股份有限公司,重庆-渝北区,1.1-2万/月,3-4年经验,本科,,上市公司,1000-5000人,1.负责物联网平台架构设计和开发；2.负责工业子系统、网关、智能物联网关、智能设备等数据通讯协议集成设计；3.参与物联网平台落地实施方案设计；4.协助管理产品研发技术团队，解决技术难题。任职要求：1.统招本科及以上学历，通信工程、计算机应用技术、电子与计算机工程、电子与通信原理、电子信息工程；2.精通数据传输架构设计及相关技术，具备数据传输方案设计能力；3.了解Java开发或C语言开发，熟练掌握SpringBoot框架及应用开发为佳；4.熟悉主流数据集成架构，至少熟悉一种主要技术框架（flume、flink、Spring Integration、Spring Batch等）；5.具备1个以上数据采集、数据集成或物联数据采集项目经验为佳；6.熟悉工业数据传输和物联传输网络及通讯协议（Modbus、104、MQTT、CoAP等）；7.熟悉流媒体、音视频文件等非结构化数据传输技术；8.学习能力强，能够快速学习和掌握新技术。
物联网系统工程师,临海市新睿电子科技有限公司,深圳-宝安区,1-2万/月,2年经验,本科,补充医疗保险,国企,,岗位职责：1、负责公司WEB、公众号、小程序产品开发维护工作；2、根据产品功能需求设计并完成代码编写实现；3、关注用户体验，持续进行框架优化、性能优化、系统优化重构等工作；4、独立负责前端项目。 任职要求： 1、本科或以上学历，电子、通讯、自动化等相关专业； 2、两年或以上相关工作经验； 3、熟悉物联网技术，以及常用的物联网协议MQTT、CoAP、Modbus等； 4、熟悉数据库、熟悉C或者C++，C#，PHP，JAVA等编程； 5、熟练掌握H5，Css3，熟知MVC/MVVM原理，有扎实的JavaScript基础； 6、有物联网项目经验等优先考虑；具备前后端项目经验者优先； 7、具备高度的责任心和敬业精神，良好的团队合作精神。 职能类别：系统工程师 关键字：视频转播系统集成网络安全集成
数据工程师,海澜集团有限公司,无锡-江阴市,1-2万/月,2年经验,本科,五险一金 专业培训 餐饮补贴 绩效奖金 年终奖金,民营公司,10000人以上,"岗位职责:1、负责数据建模及数据仓库设计和开发；2、负责数据仓库ELT流程开发、运维和优化；3、负责业务模型开发和维护；4、负责BI报表展现开发和维护。任职资格:1、本科及以上学历，计算机或数学等相关专业；3、精通SQL语法,具备熟练的ETL、BI建模能力，具备海量数据开发能力；4、熟悉行业主流BI、ETL产品，能够独立部署、运维BI平台更佳；5、了解Hadoop、HANA、Greenplum等数据仓库；6、具备hive/impala、spark、presto、kafka等大数据组件工作经验的优先考虑；7、具备数据挖掘、java、python、Linux/shell技能优先考虑。"
大数据工程师,联强国际,银川,0.8-1万/月,3-4年经验,大专,五险一金 专业培训 绩效奖金 年终奖金 定期体检 带薪年假 节日福利,外资（非欧美）,500-1000人,1、熟悉Linux常用命令，熟练使用shell/Python等脚本语言。2、熟悉数据库原理。3、熟悉SQL常用语法。4、可完成操作系统日常运维管理操作，网络、文件系统配置，软件安装，脚本执行。5、熟悉hadoop各个组件技术与原理。6、工作至少3年，至少1年以上JAVA开发经验。7、有华为大数据部署、开发、维护从业者优先。8、具备良好的沟通协作能力和较强的担当意识。9、工作积极主动、有责任心、善于沟通、具有良好的团队协作能力和服务意识。 职能类别：数据库工程师(DBA)
大数据开发,河北研云科技有限公司,南京-江宁区,1.5-2万/月,1年经验,大专,周末双休 带薪年假 绩效奖金 节日福利 专业培训 五险 员工旅游 年终奖金,民营公司,少于50人,工作职责：1、针对海量安全业务数据流，设计实时大数据分析场景架构；2、配合算法研究团队，完成实时风险检测等场景落地。任职要求：1、计算机、数学或统计学等相关专业本科及以上学历；2、熟悉linux服务端开发，熟练使用sql，掌握python/java/scala等至少一种语言；3、熟悉大数据技术栈，掌握大数据ETL、批流处理等相关技术，熟练使用spark/flink/hbase/hive/kafka等大数据组件；4、具备良好的沟通能力，学习能力强，积极拥抱新技术；5、熟悉机器学习相关技术者优先，具有异常检测、用户画像等项目经验者优先，具备数据可视化相关技能者优先； 职能类别：大数据开发工程师
大数据开发工程师,湖南华恒科教设备有限公司,长沙-芙蓉区,0.8-1.6万/月,2年经验,本科,社保 双休 绩效奖金 年终奖金,民营公司,少于50人,1、负责大数据平台相关的组建的开发工作；2、确保平台从局部到整体的性能稳定、优化。职位要求：1、大专及以上学历2、掌握大数据平台体系架构、技术和标准；与合作厂家（新华三、四合天地等大数据厂家）沟通协调、落实高校大数据相关项目方3、熟悉Linux操作系统；4、熟悉大数据/Hadoop相关技术；5、熟悉Java/Python等语言，具有1-5年以上的大数据平台开发经验；6、有1-5年及以上行业（政务、公安等）应用软件开发经验；7、高级需要具备大型开发项目的管理经验。8、熟悉Oracle/SqlServer/MySql/PostgreSQL等数据库；9、有较强的学习能力，沟通协调能力。 职能类别：大数据开发工程师 关键字：hadoopjava
软件后台开发工程师(大数据方向),华彬云科技（广东）有限公司,深圳-龙岗区,2-4万/月,5-7年经验,本科,五险一金 绩效奖金 包住宿,民营公司,50-150人,岗位职责：负责中台系统基础架构设计、开发及后期运营；负责中台基础服务建设和运营，如：缓存、消息队列、定时任务、认证鉴权、大数据统计接口等。岗位要求：1. 计算机相关专业本科及以上学历，3年以上JAVA开发经验，有大型公司（或系统）开发经验优先；2. 精通Spring、MyBatis、SpringMVC、Spring Boot等应用框架并熟悉实现原理；3. 熟悉分布式缓存、消息中间件、RPC框架、负载均衡、安全防御等技术，掌握各类中间件使用，包括zookeeper、redis、nginx、tomcat等；4. 精通SQL，熟练主流数据库Mysql，具备优秀的数据建模能力和数据库分库分表设计能力；5. 有大型分布式、微服务系统架构经验，对服务治理有深入理解，使用过dubbo或spring cloud且有实际项目经验者优先；6. 责任心强，具备良好的问题分析能力、对外沟通能力和团队协作能力，能独立承担任务和有系统进度把控能力；7. 有大数据处理经验，包括hadoop/spark/hbase/ELK/kylin/es等；在机器学习、深度学习、搜索、广告、推荐 等相关领域有工作经验的优先。8、可接受应届实习生（欢迎投递） 职能类别：Java开发工程师
软件开发工程师（物联网方向）,武汉新普惠科技有限公司,武汉-江夏区,1.2-1.8万/月,3-4年经验,本科,周末双休 五险一金 餐饮补贴 住房补贴 专业培训 绩效奖金 年终奖金 节日福利 全勤奖,民营公司,150-500人,"岗位职责：1、参与公司物联网平台的设计与开发工作；2、负责对接各种物联网设备或其他数据源，提供高并发低延时的数据接入服务；3、负责对接各种第三方平台；4、承担一部分后端运维工作。任职要求：1、熟练使用springboot, netty;2、熟悉常用的数据库/中间件，如MySQL/redis/mongo等；3、熟悉常用的物联网协议，如MQTT/MODBUS，熟悉TCP/UDP私有协议解析；4、熟悉Linux使用，熟悉docker的使用；5、有一定的前端基础，熟悉一种前端框架，如vue;6、对接过LED屏/智能硬件（lora无线设备）优先；7、有农业物联网业务平台开发经验者优先。 上班时间8：30-17：30 周末双休 ，五险一金 职能类别："
软件高级工程师(物联网),长沙伊士格信息科技有限责任公司,长沙-岳麓区,1-1.5万/月,3-4年经验,本科,五险一金 员工旅游 交通补贴 餐饮补贴 专业培训 绩效奖金 年终奖金,合资,50-150人,"工作职责：1、参与产品需求及技术方案的交流与讨论，按需求能编写设计文档；2、保证开发程序代码高效、稳定；3、进行单元测试；4、物联网平台设备通信、数据解析相关工作任职资格：1、本科及以上学历,计算机或相关专业；2、对OneM2M有深刻的理解，熟练掌握设备通信接口，如MQTT,CoAP，Restful等；3、熟悉Java，并有丰富的Java开发经验；4、熟悉M2M平台产品优先；5、了解开源社区软件，如Akka框架，Java/Scala语言，大数据HADOOP/SPARK等（可选）；6、熟悉基于云平台的应用开发；7、熟悉Windows与linux操作系统原理、熟悉串口、TCP/IP网络编程、熟悉多线程环境下编程、熟悉工业网络通讯、Modbus协议、UDP协议等；8.学习能力强，视野开阔，头脑灵活，工作热情高。 职能类别：软件工程师高级软件工程师 关键字："
软件开发工程师(大数据方向）,合肥英泽信息科技有限公司,武汉-武昌区,1.5-2万/月,5-7年经验,大专,,民营公司,150-500人,1、5年以上java开发经验，对各种开源的框架如spring boot、spring cloud、Dubbo、Redis等有深入的了解，对框架本身有过开发或重构者可优先考虑;2、熟悉常用存储系统（如MySQL/PostgreSQL/Greenplum/Redis）操作，有一定Sql优化经验;3、掌握hadoop、hbase、kafka、spark、Storm、Flink等分布式数据存储和分布式计算平台原理，具有相关系统的调优、 运维、开发经验；4、在高并发和高稳定性方面有经验者优先考虑；有一定的分布式处理经验者优先考虑；5、有大数据项目经验 职能类别：Java开发工程师
软件开发工程师（物联网）,湖南铭记今泽科技有限公司,长沙,1.5-1.8万/月,5-7年经验,本科,,民营公司,50-150人,职位描述：【岗位职责】1、规划公司IoT技术发展方向和路线，制定公司IoT平台建设思路和策略，设计系统整体技术架构及技术选型；2、精通物联网解决方案所需关键技术、体系架构、设计模式、生态构建；3、独立完并实现成公司***版本物联网平台的规划、设计和代码开发实现；4、对技术人员管理有自己想法，产品***版本上线后能组建团队进行后续版本的优化、升级和迭代。【任职要求】1、统招本科以上计算机、自动化相关专业学历；2、工作5年以上，至少3年以上物联网、互联网或大型公司工作经验；3、具备5年以上的java开发经验，熟练掌握JAVA开发框架(Spring Boot、mybatis、Spring Cloud 、Dubbo 、Ehcahe 、Redis、RabbitMq、Netty)；4、精通使用linux、docker；5、了解物联网硬件、网关、云端平台的软件系统架构；6、熟悉物联网行业应用及相关解决方案，有智慧餐厅、物联网解决方案工作经验者优先。7、具有物联网云开发、部署经验，熟悉物联网各种框架协议的开发和流程管理经验，有实施企业大型项目经验，具备较强组织协调能力者优先；8、有代码洁癖，具备规范的技术文档整理和存档经验。 职能类别：Java开发工程师
高级IoT工程师 / 软件架构师,广州技诺智能设备有限公司,广州-黄埔区,2.5-3.5万/月,8-9年经验,本科,五险一金 免费工作餐 年终双薪 免费班车 定期体检 绩效奖金 周末双休,民营公司,150-500人,"岗位职责：根据公司各期目标规划IoT平台产品发展形态；提供产品业务逻辑定义、技术框架选型、通信接口协议编写等技术支持，对接与分析客户需求，将需求导入项目，跟进项目开发进度；设计优化网络架构、通信协议，开发优化功能模块和服务端架构；大数据分析业务规划，开发多层次的数据接口；运营管理后台系统的规划与项目督导；供应链服务系统规划与项目督导。任职要求：***统招本科及以上学历，计算机应用技术、物联网等相关专业优先，英语听说读写能力OK。5年以上从事网络通讯及协议开发工作经验，有项目管理经验为佳；专业知识要求：网络应用与通信技术，数据库应用技术，服务端架构技术；熟悉C/C++,JAVA,python,php等开发语言，MySQL,SQLserver,redis等数据库，TCP/IP,MQTT,http等相关协议；工作的主动性、责任心与抗压能力强，沟通协调能力强。 职能类别：Java开发工程师"
软件开发工程师（物联网方向）,广东联通通信建设有限公司,广州-天河区,1-1.5万/月,2年经验,本科,,国企,50-150人,岗位职责：1.参与公司物联网平台核心模块设计与开发；2.理解产品需求，并负责根据需求实现软件架构设计，功能规划和相关接口开发设计，为在线项目提供技术支撑；3.解决开发过程中遇到的技术问题和技术难点。岗位要求：1、两年以上Java开发经验；2、扎实的编程基础，熟悉Java编程语言，精通主流Java架构，如：Spring、Spring Boot、Mybatis等；3、熟悉MySQL使用及调优，熟练使用Linux、Tomcat、Nginx等开源的服务器的配置；4、熟悉常见的物联网通信协议，例如MQTT、COAP、HTTP、TCP、UDP协议等；5、对物联网相关技术领域有相关经验或研究者优先。 职能类别：Java开发工程师 关键字：服务器配置
高级软件开发工程师（大数据方向）,北京万华恒信信息技术有限公司,北京-朝阳区,2-2.5万/月,3-4年经验,大专,五险一金 补充医疗保险 交通补贴 通讯补贴 年终奖金 定期体检 绩效奖金 周末双休 带薪年假 节日福利,民营公司,150-500人,职位描述：1.负责大数据采集、存储、计算、分析等场景的通用架构设计和开发；2.负责流式数据的实时传递、清洗、转换和计算（实时统计、分析等）的设计和开发；3.负责大数据中间件的设计和开发；4.负责以上各种架构平台及相关基础技术组件的稳定性保障及源码级的bugfix；5、负责用户画像，到推荐算法的全流程开发；实现bi报表和相关活动效果报表和效果预估。任职要求：1.扎实的Java开发功底，有丰富的并发编程经验；2.熟悉Hadoop、Spark、Flink、Kafka、Presto、ES、Hive、Flume等三门以上，熟悉原理源码、有二次开发优先；3.有参与构建海量数据存储、离线/实时计算、实时查询，大数据平台、BI平台的经验优先；4.擅于沟通和解决问题，乐于总结分享，有想法，有冲劲，有团队精神和主人翁意识和责任感 职能类别：Java开发工程师 关键字：
软件开发工程师（物联网项目）,研祥智能科技股份有限公司,成都-高新区,1.5-2.5万/月,3-4年经验,本科,五险一金 绩效奖金 员工旅游 周末双休 开车补贴 包三餐 包住宿 无息车房补贴,上市公司,1000-5000人,岗位职责：1. 制定并保障公司软件架构技术路线、软件开发规范、前后端集成规范的落地执行；2. 负责公司产品平台的后端架构设计，包括IAAS、PAAS层云管理平台设计及开发；3. 编写软件系统基础框架、核心模块代码；4. 指导并解答软件开发工程师开发过程遇到的问题，内容包括软件业务逻辑方面的和编码方面；5. 负责后台的技术研究和新技术调研。任职资格：1、本科以上学历，计算机或数学相关专业，3年以上Java开发经验，及IAAS、PAAS层云管理平台开发经验；2、精通Spring、mybatis、elk等框架，熟悉Spring boot、Spring cloud框架，熟悉微服务、服务网格架构及相关组件应用；3、精通Mysql/oracle等常用数据库，具备SQL调优能力，熟悉linux常用操作；4、熟悉Redis、kafka、RabbitMQ等开源中间件使用及调优；5、有车联网/互联网/大数据/物联网/智能交通相关系统工作经验优先。深圳南山、光明两地自由选择 职能类别：Java开发工程师
软件工程师(物联网方向),杭州绿掌科技有限公司,杭州-萧山区,1-1.5万/月,2年经验,本科,五险一金 带薪年假 绩效奖金 节日福利 加班补贴 交通补贴 大小休,民营公司,50-150人,岗位职责1、负责公司物联网安全产品的后端设计、开发工作任职要求1、计算机或软件工程专业毕业。2年以上JAVA开发经验，熟悉J2EE，熟悉设计模式，掌握面向对象开发语言 2、熟悉JVM虚拟机 3、熟悉Spring、Spring MVC、Spring boot、shiro、mybatis等WEB后端开发技能 4、熟悉SQL和NoSQL 5、熟悉后端开发所常用的中间件rPc框架、分布式协同、mq、es等掌握分布式理论基础 6、熟知计算机组成原理、操作系统原理 7、具备系统需求分析与架构设计的能力，熟悉软件设计规范并具备良好的编码风格 职能类别：
软件开发工程师（物联网方向）,杭州绿掌科技有限公司,南京-江宁区,1-1.5万/月,3-4年经验,本科,五险一金 带薪年假 绩效奖金 节日福利 加班补贴 交通补贴,民营公司,50-150人,"1.负责设计终端接入平台与应用的架构设计，包括体系，标准制定，功能模块设计，详细设计和功能开发。2.负责物联网数据采集层，数据传输层，云服务层，业务用用层的数据传输协议及接口规范定义及云平台架构搭建，并制定方案。3.参与软件需求分析，负责应用需求实现软件架构设计，功能规划和相关接口开发设计，为在线项目提供技术支撑。4.负责与应用开发，大数据及云存储的技术接口设计 任职要求：1.大专以上学历、计算机专业相关专业，大专五年以上、本科三年以上工作经验。2.熟练掌握设备通讯接口协议至少3种，如：HTTPS，SOCKET,MQTT，RS485，Modbus，Bacnet、CoAP，OPC等；有windows、linux运维经验。3.熟练掌握.Net（C#）、java，有大数据高并发处理能力，熟悉多种设计模式并能把设计模式合理地引入开发实践，理解服务器性能、负荷与各种程序代码的相互关系。4. 熟悉主流数据库，如ORACLE、MySQL，熟练使用PL/SQL语言，能够编写存储过程和触发器，能独立按照需求进行数据库表结构设计。5.具有良好的代码和文档编写能力；工作认真负责，学习能力强，能够在短时间内承担公司项目开发工作；有强烈的事业心和责任心，具有良好的团队合作精神。 职能类别："
欧美中级软件开发工程师(大数据方向),大连隆基信息技术有限公司,大连-甘井子区,0.9-1.7万/月,2年经验,大专,五险一金 补充医疗保险 员工旅游 交通补贴 餐饮补贴 通讯补贴 专业培训 定期体检 年终奖金 出国机会,民营公司,150-500人,"岗位职责：1、负责公司的大数据处理框架的研发设计工作；2、对现有系统的不足进行分析，难点攻关，找到目前系统的瓶颈，改进系统架构设计，提高系统性能；3、根据用户行为分析，挖掘有价值的信息，指导公司运营和决策；4、参与小组的产品设计讨论，共同讨论和设计产品。岗位要求：1、大专及以上学历，计算机相关专业优先；2、3年以上工作经验，有大数据开发经验，熟悉Hadoop大数据处理系统的开发,搭建及部署；3、英语读写能力及以上，口语能沟通者优先考虑；4、精通JAVA或Python语言，熟悉Linux开发环境；5、熟悉hadoop生态系统项目的使用（hdfs、hive、hbase、spark、zookeeper,yarn等）；6、学习和理解能力强，具有一定的系统分析能力，及独立解决问题的能力；7、具备良好的团队合作精神和承受压力的能力。福利待遇：1、13薪+年终奖（1-3个月）带薪年假10天+带薪病假12天+六险一金（全额基数缴纳保险公积金）+年度体检+礼品（生日、结婚、生育、端午、中秋等）；2、多元化的员工培训（技能培训、拓展培训、英语培训、储备干部培训等）；3、健全的员工关怀机制，公司设有健身俱乐部，提倡员工健康生活，快乐工作；4、公司内部培训和晋升体系完善，每年度薪资涨幅美丽； 职能类别：软件工程师 关键字："
软件工程师（物联网）,同程数科,上海-浦东新区,1.5-3万/月,5-7年经验,本科,做五休二 带薪年假 五险一金 节日福利 餐饮补贴 通讯补贴 定期体检 健身俱乐部 年终奖金 绩效奖金,民营公司,500-1000人,岗位职责：1、参加相关应用的开发，参与系统的分析与设计，并负责代码实现；2、根据开发规范与流程完成模块的设计、开发；3、及时处理和解决开发过程中出现的技术问题，并向主管提供技术维护和解决方案；4、完成技术文档资料的整理和归档工作；5、参与部门新技术的培训和学习，不断提高自身技术水平；任职要求：1. 熟悉SSM（Spring、SpringMVC、Mybatis）、SpringBoot、SpringCloud、Mysql/Mongodb等开源框架，掌握Redis、Mysql、Rocketmq、Rabbitmq等技术；2. Java基础扎实，有分布式系统的设计和开发经验；3. 熟练使用Linux、Tomcat、Nginx等开源的服务器的配置；4. 熟悉各种设计模式，具有一定的抽象设计能力，思路清晰，善于思考，能独立分析和解决问题；5. 具备极强的团队精神和合作精神，对工作有热情，能够承受住压力，能组织其他同事一起完成目标；6.有物联网项目经验优先。 职能类别：Java开发工程师 关键字：java
大数据中心-软件开发工程师,浙江大学滨海产业技术研究院,天津-滨海新区,0.7-1.4万/月,2年经验,本科,五险一金 免费班车 餐饮补贴 定期体检 专业培训 带薪年假,事业单位,150-500人,1.根据项目或产品需求负责WEB后端、ETL、数据库等开发工作；2.负责项目或产品的后端技术设计、技术开发，预知项目开发工作风险，跟进项目各阶段的技术问题；3.和前端工程师合作，不断优化和规范化接口开发和对接工作流程；4.后端及数据新技术的探索、性能优化，不断推进系统架构的演进。任职要求：1、计算机、软件、自动化及相关专业本科以上学历；2、2年以上JAVA开发经验，了解JVM，熟悉Spring Boot & Spring Cloud、Mybatis等开源框架；3、熟悉SQL，熟悉Sql server、Mysql、Postgresql、Oracle中的一种或几种；4、熟悉Nginx、Tomcat等Web server的配置和使用，5、有Netty编程经验，深入理解HTTP、HTTPS、TCP、UDP等网络协议者优先；6、有网络爬虫、ETL、数据分析处理经验者优先考虑；7、熟练使用Linux操作系统，熟悉网络路由等知识；8、熟悉GIS相关知识、有Arcgis、Qgis使用经验者优先；9、有python、spark开发经验或大数据分析经验者优先；10、具备强烈的技术进取心，有良好的沟通与合作精神，拥有优秀的问题分析及解决能力。 职能类别：Java开发工程师 关键字：
高级软件后端开发工程师-大数据方向,烟台欣和企业食品有限公司,上海-长宁区,2-3万/月,5-7年经验,本科,,外资（欧美）,1000-5000人,职位职责：1.负责公司数据分析型产品开发，服务于BI系统和其它产品线；2.理解分析业务需求，承接业务层面海量数据计算任务，为业务系统提供算法支持；3.参与平台的整体数据架构设计，完成从业务模型到数据模型的设计工作；4.持续改进项目，优化算法，提升性能；5.负责技术攻关和创新技术引用，开发具有数据分析、数据挖掘能力的创新型产品；6.组织技术交流，对开发成员进行技术指导和培训。 职位要求：1.***本科学历及以上，计算机相关专业毕业；2.五年以上Java开发经验，至少三年以上大数据和算法系统开发经验；3.精通JAVA/Scala，并掌握spring、mybatis等开源J2EE框架；4.对JVM运行机制有深入了解，对数据结构和算法设计有较为深刻的理解；5.精通hive/mysql等数据库、精通sql语言，对数据库优化、sql优化等有相关经验；6.掌握spark、flink等一种或者几种，有丰富的项目开发经验，并对其架构有深入理解，熟悉其源码；7.强悍的编码能力，生产环境快速修复能力，对新技术有强烈的学习热情；8.沟通能力强，具有高度的积极性和责任感，具备良好的团队合作精神；9.能快速理解业务背景，高度的抽象设计能力，对数据敏感，崇尚数据说话，深信数据在驱动业务、支撑决策上的价值；10.有web应用开发能力者或机器学习模型线上部署经验优先。
软件工程师(物联网),深圳市同鑫科技有限公司,深圳-福田区,6-8千/月,2年经验,大专,五险一金 免费班车 员工旅游 专业培训,民营公司,50-150人,"1、负责工业互联网平台整体架构技术方案的制定，负责技术组件选型、架构开发、指导开发团队使用。2、负责设计终端接入平台与应用的架构设计，包括体系，标准制定，功能模块设计，详细设计和功能开发。3、负责物联网数据采集层，数据传输层，云服务层，业务用用层的数据传输协议及接口规范定义及云平台架构搭建，并制定方案。4、参与软件需求分析，负责应用需求实现软件架构设计，功能规划和相关接口开发设计，为在线项目提供技术支撑。5、负责与应用开发，大数据及云存储的技术接口设计。 职位要求：1、大专以上学历、计算机专业相关专业，2、熟练掌握设备通讯接口协议至少3种，如：HTTPS，SOCKET,MQTT，RS485，Modbus，Bacnet、CoAP，OPC等；有windows、linux运维经验。"
软件开发工程师（物联网）,广东医大智能科技有限公司,广州,0.8-1万/月,无需经验,本科,项目奖金 年终奖金 岗位晋升 每年多次调薪 周末双休 技术大咖 管理大咖 福利好 办公环境舒适 公司氛围好,民营公司,150-500人,1、负责物联网（IoT）相关业务服务器端的研发工作，包括需求沟通、功能设计与开发等；2、对后端的设计和实现不断优化和改进，满足业务发展和高性能系统的需求。任职要求：1、扎实的编程基础，熟悉Java编程语言；2、1年以上JAVA语言为主的大中型WEB服务开发经验。 职能类别：Java开发工程师 关键字：java
软件开发高级工程师（物联网）,深圳市君恒利建设工程有限公司,深圳-南山区,2.5-3万/月,5-7年经验,本科,五险一金 员工旅游 绩效奖金 专业培训 年终奖金,民营公司,150-500人,1.参与产品／项目需求评审，主导参与技术方案编写，输出系统详细的设计文档；2.根据产品／项目需求文档和进度计划，完成相关系统的迭代更新与开发工作；3.负责版本间的完整性、一致性，确保升级版本间的兼容，做好源代码的管理工作。任职资格1.本科或以上学历，计算机或理工科相关专业，3-5年以上工作经验；2.有行业物联网平台／SaaS平台（如智慧校园、智慧社区、智慧园区、智慧景区、智慧工厂等）开发经验；3.扎实的JAVA编程基础，对开源的框架如Spring、 mybatis、Spring boot、Springcloud、Dubbo等有深入的了解；4.熟悉大华、海康摄像头、门禁等设备；熟悉物联网协议(MQTT、COAP等)；5.熟悉微服务架构，擅长分布式、大流量系统的设计与开发，熟悉Oracle、MySQL相关大型数据库技术，熟悉数据安全，网络安全相关技术；6.熟悉分布式系统基础设施中常用的技术，如缓存、消息中间件等；7.具有良好的责任心、沟通能力、团队精神并具有一定的团队管理经验。
软件工程师（物联网）,深圳市蓝禾技术有限公司,深圳-龙华区,1.5-2.5万/月,5-7年经验,大专,五险一金 员工旅游 绩效奖金 弹性工作 股票期权,民营公司,1000-5000人,Java后台开发岗位职责1.负责公司软件项目的研发与设计；2.参与项目需求沟通、完成设计文档编写及软件代码编写和测试工作；3.能自己搭建公共库环境，研究开源架构为项目所用；4.参与系统环境配置和服务器部署；5.能顺应团队整体规划，积极展开工作，责任心强；任职资格:1.计算机信息技术或相关专业，6年以上Java开发经验；2.精通Java后端开发技术，并深刻理解其原理，包括SpringBoot、SpringCloud、MyBatis、RabbitMQ等；3.熟悉Nginx、Tomcat、Redis、MQ、Kafka、Zookeeper等中间件的使用；4.熟悉Linux系统及TCP/IP/HTTP/HTTPS等常用网络协议；5.熟悉Java常用API，理解IO、多线程、集合等基础技术；6.精通各种数据结构和算法；7.熟悉分布式、微服务架构，高性能高并发处理；8.熟悉NB-IoT/LoRa/WiFi等物联网模块及其协议栈开发者优先；9.熟悉MQTT，CoAP等物联网协议者优先；10.熟悉主流应用服务器，熟悉常见开发架构及其原理；11.条理清晰、沟通表达能力良好，具备较强的学习钻研、解决问题的能力；
软件开发工程师（大数据和AI中心）,中国电信股份有限公司重庆分公司,重庆,0.8-1万/月,5-7年经验,本科,,国企,10000人以上,1、根据项目的需求、项目经理要求完成相关的工作；2、根据需求参与功能模块的需求分析，编写功能模块的概要设计文档；3、功能模块的代码编写、测试、部署和集成；4、对已有的产品功能模块进行升级和维护；5、新技术研究及创新；6、遵守开发流程及编写相关文档。任职要求:1、学历（本科以上学历，计算机相关专业，5年以上工作经验。）2、有扎实的Java语言基础，熟练掌握Java语言及相关开发工具；3、精通SpringBoot、SpringCloud、Hibernate、SpringMvc等技术； 4、熟练使用常用的前端框架，如React.js、Angular.js、node.js框架等；5、具有丰富的oracle或mysql使用与开发经验；6、熟悉Nginx、Tomcat等常见应用服务器；7、熟悉项目构建工具，如：Maven、Gradle等8、有具备良好的逻辑分析能力，对技术有强烈的兴趣，喜欢钻研；9、良好的沟通技巧、团队合作精神，善于沟通和表达，有很强的责任心10、工作积极主动、敬业，能承受较大工作压力；
软件开发工程师（物联网）,深圳市航通智能技术有限公司,深圳-宝安区,0.8-1.2万/月,2年经验,本科,五险一金 补充医疗保险 补充公积金 员工旅游 交通补贴 餐饮补贴 通讯补贴 绩效奖金 年终奖金 弹性工作,民营公司,150-500人,技能要求：1.精通MyEclipse、PowerDesigner、Spring MVC、Hibernate、JSP、JQuery、CSS等技术和工具；2.熟练掌握Spring、MyBatis、微服务等框架和技术的设计思想和实现方式；3.熟悉Oracle、SQLServer、MySQL等数据库；熟悉SQL语句；4.参与过大型应用软件项目的开发或实施经验5.上进心强，能吃苦耐劳，良好的表达沟通和学习能力，善于合作，高度的敬业精神和团队合作意识。工作职责：1.驻点深圳机场开发运维，保障运维系统正常运行，参与系统维护。2.参与java项目开发应用软件项目的开发或实施3.参与编写售前方案，根据个人兴趣做出调整。
软件大数据开发工程师,苏州帕诺米克生物医药科技有限公司,成都-天府新区,0.8-1.2万/月,无需经验,本科,五险一金 员工旅游 餐饮补贴 专业培训 出国机会 年终奖金 股票期权 弹性工作 定期体检 交通补贴,民营公司,500-1000人,"职位描述：1、负责面向日志服务的大数据系统建设和设计；2、负责面向代谢组数据库服务的大数据系统的建设和设计；3、打造帕诺米克一体化的大数据平台引擎，负责数据治理、数据资产建设、模型集市建设等，设计相关主题的事实表和维度表等。任职要求：1. 本科及以上，工作经验不限2. 熟悉常用Linux命令，熟练掌握Java大数据开发技术；3.有较强的编码和线上排障能力，对新技术有强烈的学习热情；4.熟悉Hive、Impala、Hbase等常用大数据数据仓库组件，了解数据仓库架构，熟悉数据仓库建模方法；5.有流式计算开发经验，如Spark、storm、Flink等；6. 熟悉调度层任一种组件，如k8s,mesos,yarn;7. 对索引服务Elasticsearch、Solr有开发、应用和调优经验者优先。"
软件大数据工程师,四川海格恒通专网科技有限公司,成都-武侯区,1-1.5万/月,3-4年经验,本科,,国企,150-500人,"1、负责Web前端开发及迭代升级工作；2、负责已有项目的易用性优化、性能提升、兼容性处理等工作；3、负责APP产品的开发工作；4、学习公司业务相关的技术和知识。任职要求： 1、计算机相关专业，2年及以上前端开发经验；2、精通HTML5/CSS3/Javascript等常用前端技术;3、熟练使用vue框架，并熟悉MVC、MVVM等前端开发模型; 4、有WebGL、ThreeJS开发经验者优先；5、有跨平台技术Flutter等开发经验者优先；6、对产品有强烈的责任心, 对工作和团队合作有积极主动的态度。"
物联网软件工程师,Ameya Holding Limited,上海-闵行区,1-1.5万/月,2年经验,大专,周末双休 五险一金 节日福利 年终奖金 绩效奖金,外资（非欧美）,150-500人,"1、负责物联网IOT平台的开发；2、负责相关业务系统的数据库设计和接口开发以及对外SDK的编写；3.负责物联网IoT数据的采集，分析以及与业务系统对接开发；4.配合项目经理或其他成员，按计划完成程序开发任务；5.对开发软件提供技术支持，及时解决维护过程中遇到的相关问题；6. 调查新的物联网IoT开发方法和技术，并能提出合理化方案；岗位要求：1、2年以上物联网应用平台开发经验及一年以上物联网IOT平台开发经验,大专及以上学历，计算机、软件等相关专业；2、精通Java, 掌握Spring、SpringMVC、SpringBoot、Mybatis等相关框架，熟悉Linux系统；3、精通各种网络通信协议,掌握TCP、HTTP、UDP、MQTT等编程；4、掌握Mysql、Redis、Orcale等数据库，熟练使用RabbitMQ；5、拥有优秀的发现和解决问题的能力，良好的沟通和团队协作能力，能承担一定压力；6、有相关物联网开发经验"
高级软件开发工程师(软件后端 / 大数据) - 南通,链睿信息服务（南通）有限公司上海分公司,南通-崇川区,1.5-2.5万/月,5-7年经验,本科,弹性工作 周末双休 专业培训 丰富团队活动 团队氛围好 五险一金 补充医疗保险 交通补贴 餐饮补贴 定期体检,外资（欧美）,50-150人,"RESPONSIBILITIES1.Designandbuildcoreservices,APIs,andinfrastructurethatsupportsthegrowthofLiveRampproduct.设计和实现LiveRamp产品的核心功能，包括API、基础架构和支持LiveRamp产品的进一步发展进步等2.Builddistributed,scalable,andreliabledatapipelinesthatingestandprocessterabytesofdataperday.构建分布式，可扩展且可靠的数据处理技术，以处理每日TB级别的数据3.Workonamassivelyscalablesegmentationenginethatperformsrealtimesegmentationwithaccuratecountsforpeople-basedmarketing.Ifyouenjoyadvancedqueryprocessingengines,indexingstrategies,anddatabaseenginesingeneral,thiscouldbeafit.开发大规模可扩展的实时数据处理引擎，可针对消费者的营销方案进行准确的筛选和投放。对于使用高级查询引擎，索引策略和数据库引擎等方面感兴趣4.EnhanceourcoretoolkittoenableeasyimplementationofdiscoverableservicesandAPIs.Youwouldloveworkingonthisifbuildingtoolkitsandlibrariesthatotherdeveloperslovetouseisyourthing.增强产品核心功能，实现可发现的服务和API，构建便于他人使用的工具和libraries5.Builddatacollaborationcapabilitiesthatallowdifferentpartiestoconnecttheirowndataandalsocreatenewdatapartnerships.开发大数据协作平台，帮助客户连接多方数据，并建立新的数据合作伙伴关系6.Buildtoolsthatenabledataanalystsanddatascientiststoturndataintoactionableinsights.构建工具，帮助数据分析师和数据科学家在平台上完成数据的分析和洞察7.Leveragecutting-edgeprivacy-enhancingtechnologiestoenhanceourproductofferings.利用***的技术来保护和增强我们数据平台的隐私合规性8.Collaboratecloselywithproduct,datascience,infrastructure,andotherinternalpartnerstoworkonaremote-firstteamthatconsistsofsupportiveandpassionatesoftwareengineers.与产品经理、数据团队、基础架构团队及其他内部同事紧密合作，为产品用户提供远程技术支持和问题解决QUALIFICATIONS1.Excellentoral&writtenEnglishskills,abilitytocommunicatewithforeigncolleaguesandtodocumentrequirementsandspecificationsinEnglish.优秀的英文听说读写能力，能够自如使用英文与外国同事交流及书写文档、邮件等2.6+yearsofexperiencewritinganddeployinghigh-qualityproductioncodetodeliverbusinessvalue.6年以上大型项目开发经验，能够高质量交付业务，熟练掌握产品开发的全套流程，包括设计、实现、部署等3.Excellentcommunicationskills,team-workspirit,analyticalandlogicalthinking.具备出色的对内对外沟通能力、团队合作精神、问题分析能力和逻辑能力4.Haveapassionandtrackrecordfordesigningandbuildingscalableservices,APIs,andinfrastructures.具备良好的文档书写能力，能够积极参与产品设计，构建可扩展的服务，API和基础架构5.StrongexperienceprogramminginJavaorbigdatatechnologies(Hadoop,Spark,Presto,Airflow,etc)具备较强的Java后端开发能力或具备Hadoop/Spark/Presto/Airflow等大数据技术经验者优先6.Haveaproduct-orientedmindset:youlikeofferingtechnicalsolutionstobusinessproblems.具备以产品为导向的意识，能够为业务问题提供技术解决方案7.Strongknowledge&experienceonSCRUMprojectmanagement.精通SCRUM开发流程8.ExperiencewithGCPoranothercloudprovider(AWS,Azure,...).拥有GCP或其他云计算服务商（AWS，Azure等）的云计算平台经验者优先9.TypeS(tartup)personality:smart,ethical,friendly,hard-workingandproactive.工作积极主动，勤奋、热情、努力上进10.Experienceworkingonaremote-firstteam.拥有远程服务支持经验者优先11.BScdegreeinComputerScience,Engineeringorrelevantfield.本科及以上学历，计算机科学、软件工程等相关专业"
软件开发工程师（大数据方向）,上海速强信息技术股份有限公司,上海,1-1.5万/月,3-4年经验,大专,,民营公司,150-500人,"1、本科（学信网）及以上学历,3年以上使用Java语言开发经验； 2、Java基础扎实，对设计模式有一定了解，初步理解io、多线程、集合等技术的一种；3、熟练掌握Spring boot 、Spring cloud、dubbo等开发； 4、熟悉分布式部署架构和网络编程，具有设计和开发对外API接口经验和能力,了解分布式、缓存、消息等机制； 5、了解多线程及高性能的设计与编码及性能调优；有高并发应用开发经验优先； 6、有金融、银行等相关业务系统开发经验者优先； 7、熟悉MySQL、Oracle，熟练掌握SQL优化； 8、学习能力强，适应能力好；具备耐心、细心的品质； 9、有大型项目开发经验者优先。 10、有大数据工作经验优先。"
物联网(软件)软件工程师,松下电器软件开发（大连）有限公司,大连-高新园区,15-20万/年,5-7年经验,本科,八险一金 绩效奖金 年终奖金 补充医疗保险 出国机会 员工旅游 透明上升空间 弹性工作 专业培训 定期体检,外资（非欧美）,150-500人,岗位描述：负责物联网系统中服务器平台的软件设计与开发1、负责公司产品的功能规划、需求分析设计、技术实现和用户体验；2、负责所属模块的代码开发、调试与维护工作；3、配合测试人员对发现的问题进行修改；4、正确进行源代码发布和管理；5、良好的团队合作，完成公司产品研发工作。任职要求：1、具有扎实全面的Java编程能力，深刻理解面向对象的程序设计思想。熟悉J2EE、J2SE规范及体系，了解分布式应用系统的分层模式；2、掌握Hibernate、Struts、Spring、JavaBean、AJAX、XML、JDBC、JasperReports、iReport、JNDI、JSPServlet等技术，熟练掌握spring+hibernate+struts框架，熟悉Java多线程；熟悉UML；理解MVC设计模式；3、熟悉JBuilder、Eclipse、MyEclipse等开发工具以及相关的代码版本管理工具；至少了解一种常用的应用服务器的配置与部署，如WebSphere、Jboss、WebLogic、Tomcat等，可以对目标系统进行一定的优化配置；4、掌握关系型数据库（Oracle，SQLServer，Mysql等）的操作及编程，熟悉SQL语言；5、从事过大型信息系统的开发，担任过项目的需求分析与系统设计或核心模块的开发工作，熟悉常用设计工具及软件技术文档编写方式，具备良好的文档编制习惯和代码书写规范；6、具有日语读写经验，N2、N1资格者优先。
软件后端工程师（物联网方向）（MJ000184）,广州朗国电子科技股份有限公司,广州-黄埔区,1.2-2.4万/月,3-4年经验,本科,五险一金 补充医疗保险 免费班车 年终奖金 股票期权 弹性工作 定期体检 包餐,上市公司,150-500人,"岗位职责：1、按项目时间节点要求完成所分配的产品需求开发；2、按公司编码规范进行编码；3、对所开发的功能进行单元测试，为开发质量负责；4、参与产品需求的分析，交互设计评审，并能提出优化建议；5、产品、技术文档编写；任职要求：1.精通Sping Cloud 技术栈；2.熟悉多线程；3.熟悉高并发，大数据量业务场景处理；4.精通关系型数据库，如:MySQL, Oracle等至少一种；5.熟悉常用NoSQL数据库；6.熟悉常用消息队列，熟悉常用缓存框架。"
软件开发工程师(数据大数据方向),上海英方软件股份有限公司,北京-朝阳区,1.4-2.8万/月,2年经验,本科,五险一金 通讯补贴 绩效奖金 年终奖金 股票期权 弹性工作 定期体检 员工旅游,民营公司,150-500人,初中高级人员均在招聘岗位一、岗位名称：初中级JAVA开发工程师：岗位职责：参与数据库系统备份迁移相关项目的设计开发工作配合测试人员，负责解决开发过程中发现的各种问题现场支持软件部署 岗位要求：统招本科及以上学历;计算机相关专业，具有较好的计算机相关知识，2年以上开发相关经验;具有较好的Java基础，精通I/O，多线程、集合等基础框架；较强的编码能力，良好的设计能力和编码风格，熟悉scala优先具有较好算法基础，熟悉常见的数据结构，有开源代码阅读经验优先;熟悉数据库结构设计，熟悉Oracle、Mysql等关系数据库，有数据库日志分析经验优先；较强的问题分析和设计能力，较好的团队协作能力熟悉Kafka消息队列优先，有数据库同步工具或者大数据平台使用经验者优先岗位二：1、本科及以上学历，计算机相关专业毕业2、熟练JAVA开发3、熟练相关数据库知识4、2年及以上JAVA开发经验，5、熟悉hadoop备份和迁移优先考虑
大数据软件工程师（软件）,北京中星微电子有限公司,珠海-横琴新区,1-2.2万/月,3-4年经验,本科,五险一金 补充医疗保险 补充公积金 餐饮补贴 通讯补贴 专业培训 绩效奖金 年终奖金 定期体检,外资（欧美）,500-1000人,1.负责视频图像人工智能解析与大数据分析应用相关新产品的研发和现有产品的升级维护2.参与项目需求分析、技术调研，负责设计完成需求规格、软件架构、测试策略，撰写相关的技术文档3.搭建研发环境，完成系统中相关软件模块的编码、调试、单元测试、功能验证，保证项目进度和产品质量4.协助完成项目的系统集成测试、版本交付等工作，对项目实施和维护提供支持能力要求：1.2年以上J2EE开发经验，熟练掌握相关技术（Servlet、JDBC、JSP等）、框架（Spring、iBATIS等）、中间件（Tomcat等）2.熟悉PostgreSQL、MySQL等数据库开发技术，了解数据库调优，有DBA经验者优先3.有分布式环境开发组件，如ETCD或Zookeeper、Redis或Gemfire、ElasticSearch、Kafka等开发经验者优先4.有SpringCloud平台等微服务开发经验更佳5.熟悉常用软件架构、设计模式，有C/C++开发经验者优先6.熟悉软件研发流程，具有良好的质量意识和规范的编程习惯7.积极主动，责任心强，富有创新意识，具备良好的沟通、学习能力和团队协作精神8.英语良好，能够熟练读、写英文技术资料注：申请高级职位者要求5年以上相关工作经验
软件开发工程师（物联网方向）,深圳市科蕴电子有限公司,深圳-龙岗区,1-1.5万/月,2年经验,大专,,民营公司,,具有扎实的基本功。必备技能SpringSpringBootSpringCloudMysqlRedis1、精通Java语言，并了解JVM调优。2、精通TCP/IP协议相关知识及网络通信编程。（这项很重要！一定要做过现在能立马上手的！！！）3、精通常用缓存及数据库相关编程。4、熟悉常用算法、数据结构、设计模式、多线程、分布式等。5、掌握Spring全家桶Netty等框架。6、掌握Linux基本的环境搭建及常规操作。7、掌握HTMLCSSJquery的使用。8、了解常用的前端框架。会做小程序App的优先因疫情影响，我们会先电话面试，电谈后，双方都有意向再进行面试。
软件开发工程师（大数据方向）,广东博士科技有限公司,广州-黄埔区,1-2万/月,3-4年经验,本科,五险一金 餐饮补贴 专业培训 绩效奖金 年终奖金 节日福利 定期体检,民营公司,500-1000人,1、负责参与搭建数据仓库平台，完成数据开发、测试，配置，版本管理等相关工作;2、参与数据平台架构设计，完成相关开发任务详细设计、代码优化;3、参与、负责相关模块需求收集、分析、数据清洗，数据表结构、逻辑层详细设计等;4、负责维护数据相关平台及工具; 按照需求提供对外数据输出工作，如报表、对外接口等;5、跟相关工作团队协作完成系统的开发工作，保持良好的沟通关系，推动项目顺利进行。任职要求：1、本科以上学历，3年以上的数据仓库相关项目开发的工作经验，对数据仓库建模有深刻的认识；2、熟悉数据仓库各类模型建模理论，了解数据仓库数据分层架构，熟悉数据仓库设计模型；3、精通至少一种主流关系数据库，精通SQL编程，有SQL Server数据库开发经验者优先；4、熟悉至少一门主流编程语言Java/Python;5、精通ETL(Informatica 优先)、数据仓库、多维分析、即席查询等工具原理与技术架构者优先； 6、熟悉Hadoop、Hive、Spark等分布式计算平台使用经验者优先；7、具备良好的团队合作精神，良好的分析能力与沟通技巧； 8、具有敏捷开发经验;
软件高级工程师（物联网方向）,丝路视觉科技股份有限公司深圳公司,深圳-福田区,2-2.5万/月,5-7年经验,本科,五险一金 员工旅游 定期体检 绩效奖金,上市公司,1000-5000人,岗位职责:1、参与软件项目需求评估，负责系统设计、开发、测试，并能够高质量地按时完成设计和开发任务；2、参与解决项目中的技术难点和疑难问题，协助其他团队成员解决技术问题；3、参与系统架构设计，负责落实系统安全性、稳定性、高伸缩性、高性能、易维护、易用性等方面的设计要求；4、负责项目核心代码编写、系统性能优化，参与系统技术支持，解决系统功能和性能方面的问题。任职资格:1、本科以上学历，不少于5年Java开发经验，精通Springboot/SpringCloud/NodeJS等后端技术；2、具有安全性设计能力，对于高并发、高可用、高性能、大数据处理有过实际项目经验，有移动互联网、物联网开发经验者优先；3、熟悉常见物联网通信协议、熟悉物联网组网、IP组网、TCP/UDP/HTTP/MQ等协议对接；4、精通SQL数据库、NoSQL、大数据等数据存储、检索、分析、调优技术；5、熟悉常见的前端技术，如：HTML5，CSS3，JavaScript、Vue、React等；6、熟练掌握Linux服务器的常用操作，能快速学习、掌握新技术，细心专注、责任心强；
软件开发工程师（物联网）,上海轶伦环境科技有限公司,上海-松江区,0.8-1.5万/月,2年经验,本科,五险一金 出国机会 专业培训 绩效奖金 年终奖金 定期体检 做五休二 团建 年底双薪 交通补贴,民营公司,少于50人,"工作地点在：松江漕河泾园区内，通勤距离不适者、不能线下来面试的、找***的，请勿投！！！职责描述：1、负责物联网项目整体设计、体系及其标准制定和功能模块设计；2、负责物联网数据传输协议技术开发； 3、解决项目当中遇到的问题，进行系统性能优化，安全加固，保证平台安全、稳定、快速运行；4、及时处理和解决开发过程中出现的技术问题，并向主管提供技术维护和解决方案；5、完成技术文档资料的整理和归档工作；6、参与部门新技术的培训和学习，不断提高自身技术水平； 任职要求：1、本科以上学历，具有3年以上java物联网应用的相关项目开发经验；2、有物联网硬件对接平台的相关经验；3、Java基础扎实，理解io、多线程、集合等基础框架，对JVM原理有一定的了解；4、精通Spring、SpringMVC等框架的设计思想和实现方式；5、有一定前端经验，对前端开发框架和类库，如Vue，jQuery等有一定了解，能开发常见的web页面；6、熟练掌握基于网络通信协议，如TCP、UDP、MQTT以及Socket等的编程；7、精通物联网技术原理，熟悉物联网相关技术趋势,熟悉物联网低功耗广域组网技术（如NB-IoT，LoRa）有相关开源项目经验优先；8、熟悉无线传感网络、以太网、现场总线等通讯技术，了解ZigBee、Wi-Fi、蓝牙等技术；9、熟悉Linux下的常用命令；10、有物联网行业项目经验优先（智能家居、智能控电）高新技术企业，氛围超级好，老板Nice，同事很Cute，多元化员工生活；五险一金，各种带薪假期，病假，婚假，产假，男员工陪产假等；五天八小时，周末双休工作制，全勤奖金、生日福利、节日福利统统都有；入职培训，产品培训等培训课程；“数不胜数”的高技能，优秀员工带你晋升升级；绩效奖金，年度优秀员工、不定时加薪、年终奖+13薪统统都有；"
AI人工智能实施工程师(软件),北京联动北方科技有限公司,武汉-洪山区,1-1.5万/月,2年经验,本科,五险一金 补充医疗保险 餐饮补贴 绩效奖金 股票期权,民营公司,少于50人,--职位编号021-------AI人工智能实施工程师(Java)【公司介绍】公司名称：北京联动北方科技有限公司公司性质：AI人工智能、IT技术开发/服务公司位置：武汉市洪山区珞瑜路889号光谷国际广场A座902公司规模：0~99人【岗位职责】1、实现上级部门分派的各项实施和二次开发任务(及其文档、汇总工作)；2、能够有独立处理和解决所负责的任务的能力，思路清晰；3、能够承受一定工作压力，具有良好的团队协作精神；4、能够承受一段时间的异地出差，进行客户现场处置工作。【教育背景】1、计算机、软件工程或相关专业本科或以上学历，CET-4以上；2、硕士研究生及以上学历者优先。【技能要求】1、具有参与过大型项目的开发经验，精通常用算法，有数据结构方面专业基础；2、精通java(尤其是J2EE)，，熟练掌握Javascript等Web脚本语言(精通jquery/ajax者优先)；3、熟悉MVC模式，了解Spring/Struts/Hibernate等常用开源框架；4、熟悉Unix(含Linux) 环境及常用命令；5、熟悉数据库Oracle/Mysql/SqlServer中至少一种；6、熟悉Tomcat/Weblogic等服务器软件；7、理解项目开发的基本流程，有良好、规范的编码习惯，能编写相关技术文档；【其他要求】1.富于团队合作精神；2. 能接受一定的短中期出差；【职位待遇】1、月薪1万起（北京和广州公司调高10%~20%取整），根据面试结果和工作年限浮动；2、另有绩效奖金与补助；3、五险一金等正规福利；最近市场上很火的“聊天助理”，属公司旗下产品，如有意，请发简历至hr@landingbj.com；
大数据开发工程师（软件方向）,宜昌创洲数据科技有限公司,宜昌,1-1.5万/月,在校生/应届生,本科,,民营公司,,计算机软件、大数据、物联网、云计算本科及以上，15万元/年
软件工程师(物联网),深圳市同鑫科技有限公司,深圳-福田区,6-8千/月,2年经验,大专,五险一金 免费班车 员工旅游 专业培训,民营公司,50-150人,"1、负责工业互联网平台整体架构技术方案的制定，负责技术组件选型、架构开发、指导开发团队使用。2、负责设计终端接入平台与应用的架构设计，包括体系，标准制定，功能模块设计，详细设计和功能开发。3、负责物联网数据采集层，数据传输层，云服务层，业务用用层的数据传输协议及接口规范定义及云平台架构搭建，并制定方案。4、参与软件需求分析，负责应用需求实现软件架构设计，功能规划和相关接口开发设计，为在线项目提供技术支撑。5、负责与应用开发，大数据及云存储的技术接口设计。 职位要求：1、大专以上学历、计算机专业相关专业，2、熟练掌握设备通讯接口协议至少3种，如：HTTPS，SOCKET,MQTT，RS485，Modbus，Bacnet、CoAP，OPC等；有windows、linux运维经验。3、熟练掌握java有大数据高并发处理能力，熟悉多种设计模式并能把设计模式合理地引入开发实践，理解服务器性能、负荷与各种程序代码的相互关系。4、熟悉主流数据库，如ORACLE、MySQL，熟练使用PL/SQL语言，能够编写存储过程和触发器，能独立按照需求进行数据库表结构设计。5、熟练使用Spring/SpringBoot/SpringCloud/mybatis等主流Java框架并熟悉其实现原理；熟悉前端websocket开发，熟悉网络编程和多线程等技术，掌握常见的数据结构和算法"
软件高级后端工程师(IOT),深圳市中和智通智能科技有限公司,深圳-宝安区,2-2.5万/月,5-7年经验,本科,五险一金 股票期权 出国机会 弹性工作 餐饮补贴 交通补贴 绩效奖金,民营公司,少于50人,"岗位职责：1、负责公司物联网平台技术架构体系设计，能独立带领团队完成独立核心模块的设计开发；2、独立进行需求分析及评审、制定开发规范和技术标准，编写概要设计、详细设计、接口设计等相关文档；3、负责系统架构设计,系统服务及接口设计、数据库设计、公共服务的编码实现，将架构规范和标准落实到项目中；4、负责系统核心功能的编码实现，解决项目开发中遇到的技，术问题，指导团队成员的开发工作；5、持续重构、优化、改进系统的设计和编码实现，提升系统的整体性能和稳定性；任职要求:1、 有团队管理经验，有系统架构设计经验和思维。熟练掌握微服务模式下的开发设计，并能熟练应用；2、 有项目管理经验，熟练掌握敏捷开发并能根据业务发展设计出合适的开发模式；3、 有比较强的团队内外协同能力；4、JAVA基础扎实，对JVM内存模型、Java多线程、JAVA NIO，JVM性能调优等技术有深入研究；5、熟悉J2EE技术体系及主流的开源框架‘(Spring)，能熟练使用SpringBoot+Mybatis或者S；pring+SpringMV；C+Mybatis框架进行系统开发；6、熟练使用MySQL数据库并具有SQL调优经验，精通数据库设计；熟练掌握Redis、MongoDB等常用NoSQL技术并具有实战经验；7、熟悉分布式系统的设计和应用，熟悉分布式缓存、消息、负载均衡,流量控制等机制和实现;8、本科及以上学历，5年以上工作经验。iot物联网行业水电表及酒店管理经验优先，优秀者待遇面谈。"
软件开发工程师（物联网）,湖南铭记今泽科技有限公司,长沙,1.5-1.8万/月,5-7年经验,本科,,民营公司,50-150人,职位描述：【岗位职责】1、规划公司IoT技术发展方向和路线，制定公司IoT平台建设思路和策略，设计系统整体技术架构及技术选型；2、精通物联网解决方案所需关键技术、体系架构、设计模式、生态构建；3、独立完并实现成公司***版本物联网平台的规划、设计和代码开发实现；4、对技术人员管理有自己想法，产品***版本上线后能组建团队进行后续版本的优化、升级和迭代。【任职要求】1、统招本科以上计算机、自动化相关专业学历；2、工作5年以上，至少3年以上物联网、互联网或大型公司工作经验；3、具备5年以上的java开发经验，熟练掌握JAVA开发框架(Spring Boot、mybatis、Spring Cloud 、Dubbo 、Ehcahe 、Redis、RabbitMq、Netty)；4、精通使用linux、docker；5、了解物联网硬件、网关、云端平台的软件系统架构；6、熟悉物联网行业应用及相关解决方案，有智慧餐厅、物联网解决方案工作经验者优先。7、具有物联网云开发、部署经验，熟悉物联网各种框架协议的开发和流程管理经验，有实施企业大型项目经验，具备较强组织协调能力者优先；8、有代码洁癖，具备规范的技术文档整理和存档经验。
软件开发工程师（物联网方向）,深圳市德立云物联网科技有限公司,深圳-南山区,1.5-2万/月,3-4年经验,本科,餐饮补贴 年终奖金 五险一金 节日福利 带薪年假 员工旅游,民营公司,50-150人,职位描述：1、参与公司平台及应用产品功能设计；2、负责平台后台架构、业务逻辑和数据存储的设计和开发；3、负责平台与设备端、Web端、移动端的对接，保证整个系统的安全、稳定、高性能；4、负责平台各应用模块的开发、测试和优化工作；5、负责软件研发过程相关文档的编写及维护工作。任职要求：1、本科以上学历，扎实的计算机基础，优秀编码能力；2、3年以上java技术栈使用经验，熟悉常用的设计模式，具有良好的编程习惯和文档编写能力；3、熟悉Java主流框架，包括Spring、SpringMVC、SpringBoot、MyBatis等；4、熟悉主流数据库；5、熟悉分布式系统设计和应用，熟悉分布式、缓存、消息等机制，能对分布式常用技术进行合理应用及解决方案；6、有良好的规范编程习惯和文档编写习惯优先。
软件开发工程师（大数据中心）,中国铁道科学研究院电子计算技术研究所,北京-海淀区,1-2万/月,1年经验,本科,五险一金 绩效奖金 带薪年假 周末双休,国企,500-1000人,"1. 计算机或软件工程相关专业本科及以上学历（学信网可查），1年以上Java开发工作经验。2. 精通JAVA开发语言、熟练掌握Eclipse，IDEA开发工具；精通DOM、J2EE、Apache、JSP、Servlet、Ajax、VUE、HTML5等Web开发相关技术；熟悉主流数据库，熟练掌握SQL。 3.Java基础知识扎实；熟练使用Spring、SpringMVC、Mybatis、Springboot、Spring Cloud等主流框架。 4.熟练使用Docker、tomcat、maven、git等各种中间件。 5.熟悉主流数据库，并可做数据库优化。 6.熟练使用WebService、Restful等接口技术,有系统数据对接经验者优先。7.熟练应用linux操作系统，可以在其平台上进行开发、测试和部署。 8.有高并发、高可用分布式系统开发、以及系统性能调优经验。 9. 做事严谨踏实，责任心强，条理清楚，善于学习总结，有良好的团队合作精神和沟通协调能力，能够承担重任，承受较强的工作压力。"
高级软件工程师（大数据风控）,上海钢银电子商务股份有限公司,南昌,1-1.5万/月,3-4年经验,本科,五险一金 交通补贴 餐饮补贴 团队拓展 专业培训 定期体检 扁平管理 员工旅游 绩效奖金 年终奖金,上市公司,1000-5000人,"岗位职责1、承担大数据、风控核心功能代码编写，重点项目架构设计开发；2、深入理解大数据、风控业务需求，分析和发现系统的优化点，负责推动大数据、风控产品性能和架构优化；3、新人指导、培训及CodeReview，主导技术难题攻关，提升团队整体技术水平；任职要求1、本科及以上学历，3-5年以上JAVA项目开发经验，熟悉设计模式，具有面向对象的分析和设计的能力；具有丰富的JAVAEE项目设计开发经验；2、精通Servlet、Spring、Hibernate、iBatis、Velocity开发，对SOA模式有深入理解，对虚拟机及Linux下的开发环境有较深厚的开发经验；3、熟悉UML，能运用UML的方法和工具进行面向对象的分析和设计；4、熟悉Oracle,MySql数据库,对数据库有较强的设计能力，同时熟悉大数据相关技术；5、熟悉Maven项目配置管理工具，熟悉Tomcat应用服务器，熟悉高并发处下的性能优化6、熟悉网络编程，具有设计和开发对外API接口经验和能力；7、具有良好的沟通，团队协作、计划和创新的能力；8、具有大数据、风控等相关工作经验者优先。福利待遇：1、带薪培训：系统化培训体系，新员工带薪培训；2、社会保险：入职即提供完整的五险一金；3、各类补贴：享受员工的交通补贴、午餐津贴等；4、带薪年假：按照劳动法实行带薪年休假制度；5、健康体检：每年享受年度员工体检；6、拓展旅游：员工拓展活动"
